name,f1-score,precision,recall,support
is_fake_title_report_cb,0.686557147833567,0.7274208515052267,0.6830439857947695,2784.1559913793108
is_fake_title_report_xgb,0.6912019826248957,0.7516293784289958,0.6876985553631322,2784.158017241379
is_sus_report_cb,0.9322557530613007,0.9302739965166854,0.935832799006248,2400.7867033241687
is_sus_report_xgb,0.9442232707096718,0.9428873234513073,0.945907470900942,2400.789102724319
is_toxic_report_cb,0.9086771287589455,0.9078862649417431,0.9101282288539572,6809.58188386642
is_toxic_report_xgb,0.9113881723180912,0.9105761375468298,0.9130764666037923,6809.582412547361
trfl_report_cb,0.8827065387485925,0.8835998140818264,0.8823584891907645,7612.376605974619
trfl_report_xgb,0.8807988376645983,0.8817569516152961,0.8804388916616886,7612.376227634586
